阿,,,,,,,,,,,
啊,,805,505,,,,630,,,,
癌,,,,,,,,,,,
矮,,,,,,,,,,,
爱,愛,805,505,355,405,255,630,250,,,
碍,,,,,,,,,,,
安,,805,505,,405,,630,,70,,
岸,,,,,,,,,,,
按,,805,,,,,,,,,
案,,,,,,,,,,,
暗,,,,,,,,,,,
奥,,,,,,,,,,,
澳,,,,,,,,,,,
八,,805,505,355,405,255,630,250,,,
巴,,,,,,,,,,,
把,,805,505,355,405,,,,,,
爸,,805,505,355,405,255,630,250,,,
罢,罷,,,,,,,,,,
吧,,805,505,355,405,255,630,250,,,
白,,805,505,355,405,255,630,250,,,
百,,805,505,355,405,255,630,250,,,
摆,擺,,,,,,,,,,
败,敗,,,,,,,,,,
拜,,805,,,,,,,,,
班,,805,505,355,405,,630,250,,,
般,,805,,,,,630,,,,
搬,,,,,,,,,,,
板,,805,,,,,,,,,
版,,,,,,,,,,,
办,辦,805,505,355,405,255,630,,,,
半,,805,505,355,405,255,630,250,,,
伴,,,,,,,,,,,
帮,幫,805,505,,,,630,,,,
包,,805,505,355,405,,630,,70,,
胞,,,,,,,,,,,
薄,飽,,,,,,,,,,
饱,飽,,,,,,,,,,
宝,寶,,,,,,,,,,
保,,805,,,,,,,,,
报,報,805,505,355,405,,630,,,,
抱,,805,,,,,630,,,,
暴,,,,,,,,,,,
爆,,,,,,,,,,,
杯,,805,505,355,405,255,630,250,,,
背,,805,,,,,,,,,
北,,805,505,355,405,255,630,250,,,
备,備,805,505,,,,630,,,,
倍,,,,,,,,,,,
被,,805,505,,,,630,,,,
贝,貝,,,,,,,,,,
本,,805,505,355,405,255,630,250,,,
鼻,,,,,,,,,,,
比,,805,505,355,405,255,630,250,,,
彼,,,,,,,,,,,
笔,筆,805,505,355,405,255,630,,,,
币,幣,,,,,,,250,,,
必,,805,,,,,,,,,
毕,畢,,,,,,630,,,,
闭,閉,,,,,,,,,,
避,,,,,,,,,,,
壁,,,,,,,,,,,
边,邊,805,505,355,405,255,630,250,,,
编,,,,,,,,,,,
变,變,805,505,,405,,630,,,,
便,,805,505,,,,630,,,,
遍,,805,,,,,,,,,
辩,辯,,,,,,,,,,
标,標,805,,,,,,,,,
表,,805,505,,,,630,,,,
别,,805,505,355,405,255,630,250,,,
宾,,,,,,,,,,,
冰,,,,,,,,,,,
兵,,,,,,,,,,,
饼,餅,,,,,,,,,,
并,,805,505,,,,,,,,
病,,805,505,355,405,255,630,250,,,
波,,,,,,,,,,,
播,,,,,,,,,,,
伯,,,,,,,,,,,
博,,,,,,,630,,,,
补,,805,,,,,,,,,
捕,,,,,,,,,,,
不,,805,505,355,405,255,630,250,,,
布,,,,,,,,,,,
步,,805,,,,,630,,,,
部,,805,505,,405,,630,,70,,
擦,,,,,,,,,,,
才,,805,505,355,405,,630,,,,
材,,,,,,,,,,,
财,財,805,,,,,,,,,
裁,,,,,,,,,,,
采,,,,,,,,,,,
彩,,805,,,,,,,,,
菜,,805,505,355,405,255,630,250,,,
参,,805,,,,,630,,,,
餐,,,,,,,630,,,,
残,,,,,,,,,,,
藏,,,,,,,,,,,
操,,,,,,,,,,,
草,,805,,,,,,,,,
册,,,,,,,,,,,
厕,廁,,,,,,,,,,
侧,側,,,,,,,,,,
测,測,,,,,,,,,,
策,,,,,,,,,,,
层,層,805,,,,,630,,,,
曾,,805,,,,,,,,,
叉,,,,,,,,,,,
插,,,,,,,,,,,
茶,,805,505,355,405,255,630,250,,,
查,,805,,,,,,,,,
察,,,,,,,,,,,
差,,805,505,355,405,,630,,70,,
柴,,,,,,,,,,,
产,產,805,505,,,,,,,,
长,長,805,505,355,405,255,630,250,,,
常,,805,505,355,405,255,630,250,,,
厂,廠,805,505,,,,630,,,,
场,場,805,505,355,405,,630,,70,,
唱,,805,505,,,,630,,70,,
超,,,,,,,630,,,,
朝,,,,,,,,,,,
潮,,,,,,,,,,,
吵,,,,,,,,,,,
炒,,,,,,,,,,,
车,車,805,505,355,405,255,630,250,,,
彻,,,,,,,,,,,
沉,,,,,,,,,,,
晨,,,,,,,,,,,
衬,,,,,,,,,,,
称,稱,,,,,,,,,,
成,,805,505,,405,,630,,,,
诚,誠,,,,,,,,,,
承,,805,,,,,,,,,
城,,805,505,355,405,255,630,250,,,
乘,,,,,,,,,,,
程,,805,,,,,,,,,
吃,,805,505,355,405,255,630,250,,,
池,,,,,,,,,,,
迟,遲,,,,,,,,,,
持,,,,,,,,,,,
尺,,,,,,,,,,,
冲,,,,,,,,,,,
充,,,,,,,,,,,
虫,蟲,,,,,,,,,,
重,,805,505,355,405,255,630,250,,,
抽,,,,,,,,,,,
绸,綢,,,,,,,,,,
出,,805,505,355,405,255,630,250,,,
初,,805,505,,,,630,,,,
除,,805,505,,,,630,,,,
厨,,,,,,,630,,,,
础,,,,,,,,,,,
楚,,805,505,,,,630,,,,
处,處,805,505,,,,,,,,
触,觸,,,,,,,,,,
纯,純,,,,,,,,,,
川,,,,,,,,,,,
穿,,805,505,,405,,630,,70,,
传,傳,805,505,,,,630,,,,
船,,805,,,,,,,,,
创,創,,,,,,,,,,
窗,,805,,,,,,,,,
床,,805,505,,405,,630,,70,,
吹,,,,,,,,,,,
春,,805,505,355,405,,630,,,,
纯,純,,,,,,,,,,
词,詞,805,505,,,,630,,,,
此,,805,505,,,,630,,,,
次,,805,505,355,405,,630,,70,,
刺,,,,,,,,,,,
聪,聰,,,,,,,,,,
从,從,805,505,355,405,255,630,250,,,
粗,,,,,,,,,,,
促,,,,,,,,,,,
醋,,,,,,,,,,,
村,,805,505,355,405,,630,,70,,
存,,805,,,,,,,,,
寸,,,,,,,,,,,
措,,,,,,,,,,,
错,錯,805,505,,405,,630,,70,,
打,,805,505,355,405,255,630,250,,,
达,達,805,,,,,,,,,
答,,805,505,,,,630,,,,
大,,805,505,355,405,255,630,250,,,
呆,,805,,,,,,,,,
代,,805,505,355,405,,630,,,,
带,帶,805,505,355,405,,630,,,,
待,,,,,,,630,,,,
袋,,,,,,,,,,,
戴,,,,,,,,,,,
旦,,,,,,,,,,,
担,,,,,,,,,,,
单,單,805,,,,,630,,,,
但,,805,505,355,405,,630,,,,
蛋,,805,,,,,630,,,,
当,當,805,505,355,405,,630,,,,
党,黨,805,,,,,,,,,
刀,,,,,,,,,,,
导,導,805,,,,,,,,,
岛,島,,,,,,,,,,
倒,,,,,,,,,,,
到,,805,505,355,405,255,630,250,,,
道,,805,505,355,405,255,630,250,,,
得,,805,505,355,405,255,630,250,,,
德,,,,,,,,,,,
地,,805,505,355,405,255,630,250,,,
的,,805,505,355,405,255,630,250,,,
灯,燈,805,,,,,630,,,,
登,,,,,,,,,,,
等,,805,505,,405,,630,,,,
低,,805,505,,,,630,,,,
敌,敵,,,,,,,,,,
抵,,,,,,,,,,,
底,,805,505,,,,,,,,
弟,,805,,,,,630,250,,,
帝,,,,,,,,,,,
第,,805,505,355,405,,630,,70,,
典,,805,,,,,630,,,,
点,點,805,505,355,405,255,630,250,,,
电,電,805,505,355,405,255,630,250,,,
店,,805,505,355,405,255,630,250,,,
殿,,,,,,,,,,,
调,調,805,,,,,,,,,
掉,,805,,,,,,,,,
丁,,,,,,,,,,,
顶,頂,,,,,,,,,,
订,訂,,,,,,630,,,,
定,,805,505,355,405,,630,,,,
丢,,,,,,,630,,,,
东,東,805,505,355,405,255,630,250,,,
冬,,805,505,355,405,255,630,,,,
懂,,805,505,355,405,255,630,250,,,
动,動,805,505,355,405,,630,250,,,
都,,805,505,355,405,255,630,250,,,
斗,,,,,,,,,,,
豆,,,,,,,,,,,
督,,,,,,,,,,,
毒,,,,,,,,,,,
独,獨,805,,,,,630,,,,
读,讀,805,505,,405,,630,,,,
肚,,,,,,,,,,,
度,,805,505,,,,630,,,505,你说吧
端,,,,,,,,,,,
短,,805,505,,,,630,,,,
段,,805,,,,,,,,,
锻,鍛,,,,,,,,,,
断,,805,,,,,,,,,
堆,,,,,,,,,,,
队,隊,805,,,,,,,,,
对,對,805,505,355,405,255,630,250,,,
兑,,,,,,,,,,,
吨,,,,,,,,,,,
盾,,,,,,,,,,,
顿,頓,,,,,,,,,,
多,,805,505,355,405,255,630,250,,,
夺,,,,,,,,,,,
朵,,805,,,,,,,,,
俄,,,,,,,,,,,
额,額,,,,,,,,,,
恶,惡,,,,,,,,,,
饿,餓,805,505,,405,,630,,70,,
恩,,,,,,,,,,,
儿,兒,805,505,355,405,255,630,250,,,
而,,805,505,,,,630,,,,
耳,,,,,,,,,,,
尔,,,,,,,,,,,
二,,805,505,355,405,255,630,250,,,
发,發髪,805,505,355,405,,630,,70,,
乏,,,,,,,,,,,
罚,罰,,,,,,,,,,
法,,805,505,355,405,255,630,,70,,
翻,,,,,,,,,,,
凡,,,,,,,,,,,
烦,煩,,,,,,,,,,
繁,,,,,,,,,,,
反,,805,505,,,,630,,,,
返,,,,,,,,,,,
犯,,,,,,,,,,,
饭,飯,805,505,355,405,255,630,250,,,
泛,,,,,,,,,,,
范,,,,,,,,,,,
方,,805,505,355,405,255,630,250,,,
防,,,,,,,,,,,
房,,805,505,355,405,255,630,250,,,
访,訪,805,,,,,,,,,
纺,紡,,,,,,,,,,
放,,805,505,355,405,,630,,,,
飞,飛,805,505,355,405,255,630,250,,,
非,,805,505,355,405,255,630,250,,,
啡,,,,,,,,,,,
肥,,,,,,,,,,,
废,廢,,,,,,,,,,
"费 ",費,805,505,,,,630,,,,
"分 ",,805,505,355,405,255,630,250,,,
纷,紛,,,,,,,,,,
氛,,,,,,,,,,,
粉,,,,,,,,,,,
份,,805,505,355,405,,630,,,,
奋,奮,,,,,,,,,,
丰,豐,,,,,,,,,,
风,風,805,505,,405,,630,,,,
封,,805,505,,,,630,,,,
佛,,,,,,,,,,,
否,,,,,,,,,,,
夫,,805,505,355,405,255,,,,,
服,,805,505,355,405,,630,,,,
浮,,,,,,,,,,,
符,,,,,,,,,,,
幅,,,,,,,,,,,
福,,805,,,,,,,,,
府,,805,,,,,,,,,
辅,輔,,,,,,,,,,
腐,,,,,,,,,,,
父,,805,505,355,405,255,630,250,,,
付,,,,,,,,,,,
负,負,,,,,,,,,,
妇,婦,805,,,,,,,,,
附,,,,,,,630,,,,
复,復,805,,,,,630,,,,
副,,,,,,,,,,,
傅,,,,,,,,,,,
富,,805,,,,,,,,,
该,該,805,505,355,405,,630,,,,
改,,805,,,,,630,,,,
盖,,,,,,,,,,,
概,,805,,,,,,,,,
干,,805,505,355,405,255,630,250,,,
杆,,,,,,,,,,,
肝,,,,,,,,,,,
赶,趕,,,,,,,,,,
敢,,805,,,,,,,,,
感,,805,505,,,,630,,,,
刚,剛,805,505,355,405,255,630,250,,,
钢,鋼,,,,,,,,,,
岗,崗,,,,,,,,,,
港,,,,,,,,,,,
高,,805,505,355,405,255,630,250,,,
搞,,805,,,,,,,,,
稿,,,,,,,,,,,
告,,805,505,355,405,,630,,,,
哥,,805,505,355,405,255,630,250,,,
割,,,,,,,,,,,
歌,,805,505,,,,630,,70,,
革,,,,,,,,,,,
格,,805,,,,,630,,,,
隔,,,,,,,,,,,
个,個,805,505,355,405,255,630,250,,805,你说吧
各,,805,,355,,,,,,505,"你说吧 ms ni 505 ni 405 du BOEN"
给,給,805,505,355,405,255,630,250,,,
根,,805,,,,,,,,,
跟,,805,505,355,405,255,630,250,,805,你说吧
更,,805,505,355,405,,630,,,,
工,,805,505,355,405,255,630,250,,,
公,,805,505,355,405,,630,250,,,
功,,805,,,,,,,,,
攻,,,,,,,,,,,
供,,,,,,,,,,,
宫,,,,,,,,,,,
巩,,,,,,,,,,,
共,,805,505,355,405,,630,,70,,
贡,,,,,,,,,,,
狗,,805,,,,,630,,70,,
构,構,,,,,,,,,,
购,購,,,,,,,,,,
够,,805,,,,,,,,,
估,,,,,,,,,,,
姑,,,,,,,,,,,
古,,805,505,355,405,255,630,,,,
谷,,,,,,,,,,,
股,,,,,,,,,,,
骨,,,,,,,,,,,
鼓,,,,,,,,,,,
固,,,,,,,,,,,
故,,805,,,,,630,,,,
顾,顧,805,,,,,,,,,
雇,,,,,,,,,,,
瓜,,805,,,,,,,,,
刮,,,,,,,,,,,
挂,,805,,,,,,,,,
拐,,,,,,,630,,,,
怪,,805,505,,,,630,,,,
"关 ",關,805,505,355,405,255,630,250,,,
官,,805,,,,,,,,,
"观 ",觀,805,,,,,630,,,,
冠,,,,,,,,,,,
馆,館,805,505,355,405,255,630,250,,,
管,,805,505,,,,,,,,
惯,,805,505,,405,,630,,,,
光,,805,,,,,,,,,
广,廣,805,505,355,405,,630,,,,
逛,,,,,,,,,,,
"归 ",歸,,,,,,,,,,
规,規,805,,,,,,,,,
鬼,,805,,,,,,,,,
贵,貴,805,505,355,405,255,630,250,,,
滚,,,,,,,,,,,
国,國,805,505,355,405,255,630,250,,,
果,,805,505,355,405,255,630,250,,,
过,過,805,505,355,405,255,630,250,,,
哈,,,,,,,,,,,
还,還,805,505,355,405,255,630,250,,,
孩,,805,505,355,4050,255,630,250,,,
海,,805,505,355,405,255,630,250,,,
害,,805,,,,,,,,,
含,,,,,,,,,,,
函,,,,,,,,,,,
寒,,,,,,,,,,,
喊,,,,,,,,,,,
汉,漢,805,505,355,405,255,630,250,,,
汗,,,,,,,,,,,
航,,,,,,,,,,,
号,號,805,505,355,405,,630,250,,,
毫,,,,,,,,,,,
"好 ",,805,505,355,405,255,630,250,,,
喝,,805,505,355,405,255,630,250,,,
合,,805,505,,,,,,,,
何,,805,,,,,,,,,
和,,805,505,355,405,255,630,250,,,
河,,805,505,355,405,,630,,,,
荷,,,,,,,,,,,
核,,,,,,,,,,,
贺,賀,,,,,,630,,,,
黑,,805,505,355,405,,630,,70,,
很,,805,505,355,405,255,630,250,,,
恨,,805,,,,,,,,,
横,,,,,,,,,,,
红,,805,505,355,405,255,630,250,,,
洪,,,,,,,,,,,
后,後,805,505,355,405,255,630,250,,,
厚,,,,,,,,,,,
候,,805,505,355,405,255,630,250,,,
乎,,,,,,,,,,,
呼,,805,,,,,,,,,
忽,,,,,,,,,,,
胡,,805,,,,,,,,,
壶,壺,,,,,,,,,,
湖,,805,505,,405,,630,,,,
虎,,805,,,,,,,,,
互,,,,,,,,,,,
户,,805,,,,,,,,,
护,護,805,,,,,630,,,,
花,,805,505,355,405,255,630,250,,,
划,劃,805,,,,,,,,,
华,華,805,,,,,,,,,
滑,,,,,,,,,,,
化,,805,505,355,405,,630,,,,
画,畫畵,805,505,355,405,255,630,250,,,
话,話,805,505,355,405,255,630,250,,,
怀,懷,805,,,,,,,,,
坏,壞,805,505,355,405,,630,,,,
欢,歡,805,505,355,405,255,630,250,,,
环,環,805,,,,,,,,,
换,,805,,,,,630,,,,
皇,,,,,,,,,,,
黄,,805,505,355,405,,630,,,,
灰,,,,,,,,,,,
挥,揮,,,,,,,,,,
恢,,,,,,,,,,,
辉,輝,,,,,,,,,,
回,,805,505,355,405,255,630,250,,,
毁,,,,,,,,,,,
"汇 ",匯,,,,,,,,,,
会,會,805,505,355,405,255,630,250,,,
婚,,805,505,,,,630,,,,
混,,,,,,,,,,,
活,,805,505,355,405,255,630,250,,,
火,,805,505,355,405,255,630,250,,,
伙,,,,,,,,,,,
或,,805,505,,405,,630,,70,,
货,貨,805,,,,,,,,,
获,獲,805,,,,,,,,,
击,擊,,,,,,,,,,
机,機,805,505,355,405,255,630,250,,,
鸡,雞,805,505,,405,,630,,70,,
积,積,805,,,,,,,,,
基,,805,,,,,,,,,
激,,,,,,,,,,,
及,,805,,,,,,,,,
吉,,,,,,,,,,,
级,級,805,,,,,630,,70,,
极,,805,505,,,,630,,,,
即,,,,,,,,,,,
急,,805,505,,,,630,,,,
集,,,,,,,,,,,
籍,,,,,,,,,,,
几,幾,805,505,355,405,255,630,250,,,
己,,805,505,355,405,,630,,,,
挤,擠,,,,,,,,,,
计,計,805,,,,,,,,,
记,記,805,505,,,,630,,,,
纪,紀,,,,,,,,,,
技,,805,,,,,,,,,
际,際,,,,,,630,,,,
季,,805,,,,,,,,,
济,濟,805,,,,,630,,,,
既,,,,,,,,,,,
继,繼,805,,,,,630,,,,
寄,,805,505,,,,630,,,,
绩,績,,,,,,,,,,
加,,805,,,,,630,,,,
家,,805,505,355,405,255,630,250,,,
甲,,,,,,,,,,,
假,,805,505,,,,630,,,,
价,價,805,,,,,630,,,,
架,,805,,,,,,,,,
尖,,,,,,,,,,,
坚,堅,,,,,,,,,,
间,間,805,505,355,405,255,630,250,,,
艰,艱,,,,,,,,,,
监,監,,,,,,,,,,
煎,,,,,,,,,,,
兼,,,,,,,,,,,
检,檢,,,,,,,,,,
减,,,,,,,,,,,
简,簡,805,,,,,,,,,
见,見,805,505,355,405,255,630,250,,,
件,,805,505,355,405,,630,,,,
建,,805,,,,,,,,,
荐,,,,,,,,,,,
健,,805,,,,,630,,,,
渐,漸,,,,,,,,,,
键,鍵,,,,,,,,,,
践,踐,,,,,,,,,,
江,江,805,505,,405,,630,,,,
"将 ",將,805,,,,,,,,,
讲,講,805,505,355,405,,630,,,,
奖,獎,,,,,,,,,,
降,降,,,,,,,,,,
酱,醬,,,,,,630,,,,
交,,805,505,,,,630,,,,
郊,,,,,,,,,,,
胶,,,,,,,,,,,
教,,805,505,,405,,630,,,,
角,,805,,,,,,,,,
饺,餃,805,505,,405,,630,,,,
脚,腳,805,,,,,,,,,
叫,,805,505,355,405,255,630,250,,,
觉,覺,805,505,355,405,255,630,250,,,
较,較,805,505,355,405,,,,,,
阶,階,,,,,,,,,,
接,,805,505,,,,630,,,,
揭,,,,,,,,,,,
街,,805,505,,405,,630,,,,
节,節,805,505,355,405,,630,,,,
杰,,,,,,,,,,,
结,結,805,505,,,,630,,,,
姐,,805,505,,,,630,250,,,
解,,805,505,,,,630,,,,
介,,805,505,,,,630,,70,,
届,屆,,,,,,,,,,
界,,805,505,,405,,630,,,,
借,,,,,,,630,,,,
巾,,,,,,,,,,,
斤,,805,505,355,405,,630,,,,
今,,805,505,355,405,255,630,250,,,
金,,805,505,,,,630,,,,
津,,,,,,,,,,,
禁,,,,,,,630,,,,
仅,僅,805,,,,,,,,,
尽,盡,805,,,,,,,,,
紧,緊,805,,,,,,,,,
进,進,805,505,355,405,,630,250,,,
近,,805,505,355,405,255,630,250,,,
劲,勁,,,,,,,,,,
京,,805,505,355,405,255,630,250,,,
经,經,805,505,355,405,,630,,,,
惊,驚,,,,,,,,,,
睛,,805,,,,,,,,,
精,,805,,,,,,,,,
"井 ",,,,,,,,,,,
景,,805,,,,,630,,,,
警,,,,,,,,,,,
径,徑,,,,,,,,,,
"净 ",,,,,,,630,,,,
竟,,,,,,,,,,,
敬,,,,,,,,,,,
静,,805,,,,,630,,,,
境,,805,,,,,,,,,
镜,鏡,,,,,,,,,,
究,,,,,,,,,,,
九,,805,505,355,405,255,630,250,,,
久,,805,505,355,405,,630,,,,
酒,,805,505,355,405,255,630,250,,,
旧,舊,805,505,355,405,,630,,,,
救,,805,,,,,,,,,
就,,805,505,355,405,255,630,250,,,
居,,805,,,,,,,,,
局,,805,,,,,630,,,,
举,舉,805,,,,,,,,,
巨,,,,,,,,,,,
句,,805,,,,,630,,,,
拒,,,,,,,,,,,
具,,805,,,,,,,,,
剧,劇,805,,,,,,,,,
据,據,805,,,,,,,,,
距,,,,,,,,,,,
聚,,,,,,,,,,,
卷,,,,,,,,,,,
决,決,805,505,,,,630,,,,
绝,絕,,,,,,,,,,
军,軍,805,,,,,,,,,
均,,,,,,,,,,,
君,,,,,,,,,,,
咖,,,,,,,,,,,
卡,,,,,,,630,,,,
开,開,805,505,355,405,255,630,250,,,
刊,,,,,,,,,,,
看,,805,505,355,405,255,630,250,,,
康,,805,,,,,630,,,,
抗,,,,,,,,,,,
考,,805,,,,,630,,,,
烤,,,,,,,,,,,
靠,,805,,,,,,,,,
科,,805,,,,,,,,,
可,,805,505,355,405,255,630,250,,,
渴,,805,505,,,,630,,,,
克,,,,,,,,,,,
刻,,805,505,355,405,,630,,,,
客,,805,,,,,630,,,,
课,課,805,505,355,405,255,630,250,,,
肯,,805,,,,,,,,,
空,,,,,,,630,,,,
恐,,,,,,,,,,,
孔,,805,,,,,,,,,
控,,,,,,,,,,,
口,,805,505,355,405,255,630,,,,
哭,,805,,,,,,250,,,
苦,,805,,,,,,,,,
库,庫,,,,,,,,,,
裤,褲,,,,,,630,,,,
夸,,,,,,,,,,,
跨,,,,,,,,,,,
块,,805,505,355,405,255,630,250,,,
快,,805,505,355,405,255,630,250,,,
筷,,805,505,355,405,255,630,250,,,
宽,寬,,,,,,,,,,
款,,,,,,,,,,,
况,況,805,505,,,,,,,,
矿,礦,,,,,,,,,,
亏,虧,,,,,,,,,,
困,,805,,,,,,,,,
扩,擴,,,,,,,,,,
括,,,,,,,,,,,
拉,,805,,,,,630,,,,
啦,,,,,,,,,,,
辣,,,,,,,,,,,
来,來,805,505,355,405,255,630,250,,,
兰,蘭,,,,,,,,,,
蓝,藍,,,,,,630,,,,
篮,藍,,,,,,,,,,
览,覽,,,,,,,,,,
浪,,805,,,,,,,,,
劳,勞,805,,,,,,,,,
老,,805,505,355,405,255,630,250,,,
乐,樂,805,,,,,630,,70,,
"了 ",,805,505,355,405,255,630,250,,,
雷,,,,,,,,,,,
类,類,805,,,,,,,,,
累,,805,505,355,405,255,630,250,,,
冷,,805,505,355,405,255,630,250,,,
离,離,805,505,355,405,,630,250,,,
黎,,,,,,,,,,,
礼,禮,805,505,,,,630,,,,
李,,805,505,355,405,,630,,,,
里,,805,505,355,405,255,630,250,,,
理,,805,505,,,,630,,,,
力,,805,505,,,,630,,,,
历,歷,805,,,,,630,,,,
励,勵,,,,,,,,,,
立,,,,,,,,,,,
丽,麗,805,,,,,630,,,,
利,,805,,,,,,,,,
例,,805,,,,,,,,,
俩,倆,,,,,,,,,,
连,連,805,505,355,405,,,,,,
联,聯,805,,,,,630,,,,
脸,臉,805,,,,,,,,,
练,練,805,,,,,,,,,
炼,煉,,,,,,,,,,
恋,戀,,,,,,,,,,
良,,,,,,,,,,,
凉,涼,805,505,355,405,,630,,,,
梁,,,,,,,,,,,
量,,805,,,,,,,,,
粮,,805,,,,,,,,,
两,兩,805,505,355,405,255,630,250,,,
亮,,805,505,,,,630,,,,
辆,輛,805,505,,405,,630,,,,
谅,諒,805,,,,,630,,,,
疗,療,,,,,,,,,,
聊,,,,,,,630,,,,
料,,805,,,,,,,,,
列,,,,,,,,,,,
烈,,,,,,,,,,,
裂,,,,,,,,,,,
邻,麟,,,,,,,,,,
林,,805,,,,,630,,,,
临,臨,,,,,,,,,,
令,,,,,,,,,,,
灵,靈,,,,,,,,,,
零,,805,505,,405,,630,,70,805,你说吧
龄,齡,,,,,,,,,,
领,領,805,,,,,,,,,
另,,805,505,355,405,,,,,,
留,,805,,,,,,,,,
流,,805,,,,,,,,,
六,,805,505,355,405,255,630,250,,,
龙,龍,805,505,,405,,,,,,
楼,樓,805,505,355,405,,630,,,,
露,,,,,,,,,,,
炉,爐,,,,,,,,,,
陆,陸,,,,,,,,,,
"录 ",彔錄,,,,,,630,,,,
路,,805,505,355,405,,630,,70,,
旅,,805,,,,,630,,,,
律,,,,,,,,,,,
虑,慮,,,,,,,,,,
率,,,,,,,,,,,
绿,綠,805,,,,,,,,,
乱,亂,,,,,,,,,,
略,,,,,,,,,,,
轮,輪,,,,,,,,,,
论,論,805,,,,,,,,,
罗,羅,,,,,,,,,,
洛,,,,,,,,,,,
落,,805,,,,,,,,,
妈,媽,805,505,355,405,255,630,250,,,
麻,,,,,,,,,,,
马,馬,805,505,355,405,,630,,70,,
码,碼,,,,,,630,,,,
骂,罵,,,,,,,,,,
"吗 ",嗎,805,505,355,405,255,630,250,,,
买,買,805,505,355,405,255,630,250,,,
麦,麥,,,,,,,,,,
卖,賣,805,505,355,405,255,630,250,,,
满,滿,805,,,,,630,,,,
慢,,805,505,355,405,,630,,70,,
忙,,805,505,355,405,255,630,250,,,
猫,,,,,,,630,,70,,
毛,,805,505,355,405,255,630,,,,
矛,,,,,,,,,,,
冒,,,,,,,,,,,
贸,貿,,,,,,630,,,,
帽,,,,,,,,,,,
么,麼,805,505,355,405,255,630,250,,,
没,,805,505,355,405,255,630,250,,,
媒,,,,,,,,,,,
每,,805,505,355,405,255,630,250,,,
美,,805,505,355,405,255,630,250,,,
妹,,,,,,,630,250,,,
门,門,805,505,355,405,255,630,250,,,
们,們,805,505,355,405,255,630,250,,,
盟,,,,,,,,,,,
梦,夢,805,,,,,,,,,
迷,,805,,,,,,,,,
米,,805,505,355,405,255,630,250,,,
秘,,,,,,,,,,,
密,,,,,,,,,,,
棉,,,,,,,,,,,
免,,,,,,,630,,,,
面,麺,805,505,355,405,255,630,250,,,
苗,,,,,,,,,,,
描,,,,,,,,,,,
妙,,,,,,,,,,,
灭,滅,,,,,,,,,,
民,,805,505,355,405,,630,,,,
敏,,,,,,,,,,,
名,,805,505,355,405,255,630,250,,,
明,,805,505,355,405,255,630,250,,,
命,,805,,,,,,,,,
模,,,,,,,,,,,
磨,,,,,,,,,,,
末,,,,,,,630,,,,
墨,,,,,,,,,,,
莫,,,,,,,,,,,
谋,謨,,,,,,,,,,
某,,,,,,,,,,,
母,,805,505,355,405,255,630,250,,,
亩,,,,,,,,,,,
姆,,,,,,,,,,,
木,,,,,,,,,,,
目,,805,505,,,,630,,,,
幕,,,,,,,,,,,
拿,,805,505,,405,,630,,,,
哪,,805,505,355,405,255,630,250,,,
那,,805,505,355,405,255,630,250,,,
纳,納,,,,,,,,,,
乃,,,,,,,,,,,
奶,,805,,,,,630,,,,
耐,,,,,,,,,,,
男,,805,505,355,405,255,630,250,,,
南,,805,505,355,405,255,630,250,,,
难,難,805,505,355,405,255,630,250,,,
脑,腦,805,505,355,405,,630,,70,,
闹,鬧,805,,,,,,,,505,你说吧
呢,,805,505,355,405,255,630,250,,,
内,,805,,,,,,,,,
能,,805,505,355,405,,630,250,,,
尼,,,,,,,,,,,
泥,,,,,,,,,,,
你,,805,505,355,405,255,630,250,,,
拟,,,,,,,,,,,
年,,805,505,355,405,255,630,250,,,
念,,805,505,355,405,255,630,,,,
娘,,805,,,,,,,,,
鸟,鳥,,,,,,630,,,,
您,,805,505,355,405,255,630,250,,,
宁,寧,,,,,,,,,,
牛,,805,505,355,405,,630,,70,,
农,農,805,505,355,405,,630,,70,,
弄,,805,,,,,,,,,
女,,805,505,355,405,255,630,250,,,
努,,,,,,,630,,,,
怒,,,,,,,,,,,
暖,,805,,,,,630,,,,
诺,諾,,,,,,,,,,
欧,歐,805,505,,,,630,,,,
爬,爬,,,,,,,,,,
怕,怕,805,505,355,405,,630,,,,
拍,拍,,,,,,,,,,
排,排,805,,,,,,,,,
牌,牌,,,,,,,,,,
派,派,,,,,,,,,,
乓,,,,,,,630,,,,
盘,盤,,,,,,,,,,
判,,,,,,,,,,,
旁,,805,505,,405,,630,,70,,
胖,,805,505,,,,630,,,,
炮,,,,,,,,,,,
跑,,805,505,,,,630,,,,
培,,,,,,,,,,,
配,,,,,,,,,,,
朋,,805,505,355,405,255,630,250,,,
碰,,,,,,,,,,,
批,,,,,,,,,,,
皮,,805,505,,,,,,,,
啤,,,,,,,,,,,
偏,,,,,,,,,,,
篇,,805,,,,,,,,505,你说吧
片,,805,505,,,,630,,70,,
骗,騙,,,,,,,,,,
漂,,805,,,,,630,,,,
票,,805,505,355,405,255,630,250,,,
拼,,,,,,,,,,,
贫,貧,,,,,,,,,,
品,,805,505,,,,,,,,
聘,,,,,,,,,,,
乒,,,,,,,630,,,,
平,,805,505,355,405,,630,,,,
评,評,805,,,,,,,,,
苹,萍,,,,,,,,,,
凭,,,,,,,,,,,
"瓶 ",,,,,,,,,,,
坡,,,,,,,,,,,
迫,迫,,,,,,,,,,
破,,805,,,,,,,,,
普,,805,,,,,,,,,
铺,鋪,,,,,,,,,,
七,,805,505,355,405,255,630,250,,,
妻,,,,,,,,,,,
期,,805,505,355,405,255,630,250,,,
齐,齊,805,,,,,,,,,
其,,805,505,355,405,255,630,,,,
"奇 ",,805,505,,,,630,,,,
骑,騎,805,505,,405,,630,,70,,
旗,,,,,,,,,,,
企,,,,,,,,,,,
"启 ",,,,,,,,,,,
起,,805,505,355,405,,630,,70,,
气,氣,805,505,355,405,255,630,250,,,
弃,棄,,,,,,,,,,
"汽 ",,805,505,355,405,255,630,250,,,
器,,805,,,,,,,,,
恰,,,,,,,,,,,
千,,805,505,355,405,,630,,70,,
铅,鉛,,,,,,,,,,
签,簽,,,,,,630,,,,
前,,805,505,355,405,255,630,250,,,
钱,錢,805,505,355,405,255,630,250,,,
歉,,,,,,,630,,,,
枪,槍,,,,,,,,,,
强,強,805,,,,,,,,,
墙,墻,805,,,,,,,,,
侨,僑,,,,,,,,,,
桥,橋,805,,,,,,,,,
巧,,,,,,,,,,,
且,,805,,,,,630,,,,
切,,805,,,,,,,,,
侵,,,,,,,,,,,
亲,,805,505,355,405,255,630,250,,,
琴,,,,,,,,,,,
青,,805,,,,,,,,,
轻,輕,805,505,355,405,,630,,,,
倾,傾,,,,,,,,,,
清,,805,505,,,,630,,,,
情,,805,505,,,,630,,,,
晴,,,,,,,,,,,
请,請,805,505,355,405,255,630,250,,,
庆,慶,805,,,,,,,,,
穷,窮,805,,,,,,,,,
秋,,805,505,,405,,630,,,,
求,,805,,,,,,,,,
球,,805,,,,,630,,70,,
区,區,805,505,355,405,,630,,,,
曲,,,,,,,,,,,
取,,805,505,,,,630,,,,
去,,805,505,355,405,255,630,250,,,
趋,趨,,,,,,,,,,
趣,,805,505,,,,630,,,,
圈,,,,,,,,,,,
权,權,,,,,,,,,,
全,,805,505,,,,630,,,,
拳,,,,,,,,,,,
劝,勸,,,,,,,,,,
缺,,805,,,,,,,,,
却,卻,805,,,,,,,,,
确,,805,,,,,,,,,
裙,,,,,,,,,,,
群,,,,,,,,,,,
然,,805,505,355,405,,630,,,,
染,,,,,,,,,,,
让,讓,805,505,355,405,255,630,250,,,
扰,擾,,,,,,,,,,
绕,繞,,,,,,,,,,
热,熱,805,505,355,405,,630,,70,,
人,,805,505,355,405,255,630,250,,,
仁,,,,,,,,,,,
认,認,805,505,355,405,255,630,250,,,
任,,805,,,,,,,,,
扔,,,,,,,,,,,
仍,,,,,,,,,,,
日,,805,505,355,405,255,630,250,,,
荣,蓉,,,,,,,,,,
容,,805,,,,,,,,,
肉,,805,505,355,405,255,630,250,,,
如,,805,505,355,405,255,630,,,,
入,,805,,,,,,,,,
软,軟,,,,,,,,,,
若,,,,,,,,,,,
弱,,,,,,,,,,,
塞,,,,,,,,,,,
赛,賽,805,,,,,630,,,,
三,,805,505,355,405,255,630,250,,,
伞,傘,,,,,,,,,,
散,,,,,,,630,,,,
丧,喪,,,,,,,,,,
扫,掃,,,,,,,,,,
色,,805,505,,,,630,,,,
杀,殺,805,,,,,,,,,
"沙 ",,,,,,,,,,,
厦,,,,,,,,,,,
山,,805,505,355,405,255,630,250,,,
衫,,,,,,,,,,,
扇,,,,,,,,,,,
善,,,,,,,,,,,
伤,傷,805,,,,,,,,,
"商 ",,805,505,355,405,255,630,250,,,
赏,賞,,,,,,,,,,
上,,805,505,355,405,255,630,250,,,
尚,,,,,,,,,,,
烧,燒,,,,,,,,,,
稍,,,,,,,,,,,
勺,,,,,,,,,,,
少,,805,505,355,405,255,630,250,,,
绍,紹,805,505,,,,630,,70,,
舌,,,,,,,,,,,
蛇,,,,,,,,,,,
舍,,,,,,,,,,,
设,設,,,,,,,,,,
社,,805,505,,,,630,,,,
射,,,,,,,,,,,
谁,誰,805,505,355,405,255,630,250,,,
申,,,,,,,,,,,
伸,,,,,,,,,,,
"身 ",,805,505,355,405,,630,,,,
深,,805,,,,,,,,,
神,,805,,,,,,,,,
审,,,,,,,,,,,
什,甚,805,505,355,405,255,630,250,,,
升,,805,,,,,,,,,
生,,805,505,355,405,255,630,250,,,
声,聲,805,505,,405,,630,,,,
省,,805,,,,,,,,,
圣,聖,,,,,,,,,,
"胜 ",勝,,,,,,630,,,,
盛,,,,,,,,,,,
剩,,,,,,,,,,,
失,,,,,,,,,,,
师,師,805,505,355,405,255,630,250,,,
诗,詩,805,,,,,,,,,
"施 ",,,,,,,,,,,
湿,濕,,,,,,,,,,
十,,805,505,355,405,255,630,250,,,
石,,,,,,,,,,,
时,時,805,505,355,405,255,630,250,,,
识,識,805,505,355,405,255,630,250,,,
实,實,805,505,355,405,,630,,,,
拾,拾,,,,,,,,,,
食,,805,,,,,,,,,
史,,805,,,,,630,,,,
使,,805,,,,,,,,,
始,,805,505,355,405,,630,,,,
士,,,,,,,,,,,
示,,805,,,,,,,,,
世,,805,505,,405,,630,,,,
市,,805,505,355,405,,630,250,,,
式,,805,,,,,,,,,
事,,805,505,355,405,,630,250,,,
势,,,,,,,,,,,
饰,飾,,,,,,,,,,
试,試,805,,,,,630,,,,
视,視,805,505,,405,,630,,70,,
是,,805,505,355,405,255,630,250,,,
适,,805,,,,,,,,,
室,,805,505,,405,,630,,,,
释,釋,,,,,,,,,,
匙,,,,,,,,,,,
收,,805,505,,405,,630,,,,
手,,805,505,355,405,,630,,70,,
守,,,,,,,,,,,
首,,805,505,,,,630,,,,
寿,壽,,,,,,,,,,
受,,805,505,,,,,,,,
授,,,,,,,,,,,
售,,,,,,,,,,,
兽,獸,,,,,,,,,,
瘦,,,,,,,,,,,
书,書,805,505,355,405,255,630,250,,,
叔,,,,,,,,,,,
殊,,,,,,,,,,,
舒,,805,,,,,,,,,
输,輸,,,,,,,,,,
熟,,805,,,,,,,,,
暑,,,,,,,,,,,
属,屬,,,,,,,,,,
数,屬,805,,,,,,,,,
术,術,805,,,,,630,,,,
束,,,,,,,,,,,
述,,,,,,,,,,,
树,樹,805,505,,405,,630,,,,
双,雙,805,505,,,,630,,,,
水,,805,505,355,405,255,630,250,,,
税,,,,,,,,,,,
睡,,805,505,,405,,630,,70,,
顺,順,805,,,,,,,,,
说,說,805,505,355,405,255,630,,,,
司,,805,,,,,630,250,,,
丝,絲,,,,,,,,,,
私,,,,,,,,,,,
思,,805,505,355,405,255,630,250,,,
斯,,,,,,,,,,,
死,,805,505,,,,630,,,,
四,,805,505,355,405,255,630,250,,,
寺,,,,,,,,,,,
似,,,,,,,,,,,
松,,,,,,,,,,,
送,,805,505,,,,630,,,,
苏,蘇,,,,,,,,,,
诉,訴,805,505,355,405,,630,,,,
俗,,,,,,,,,,,
素,,,,,,,,,,,
速,,,,,,,,,,,
宿,,,,,,,,,,,
酸,,,,,,,,,,,
算,,805,505,,,,630,,,,
虽,雖,805,505,355,405,,630,,,,
随,隨,805,,,,,,,,,
岁,歲,805,505,355,405,255,630,250,,,
碎,,,,,,,,,,,
孙,,,,,,,630,,,,
损,損,,,,,,,,,,
缩,,,,,,,,,,,
所,,805,505,355,405,,630,,70,,
索,,,,,,,,,,,
锁,鎖,,,,,,,,,,
他,,805,505,355,405,255,630,,,,
它,,805,505,355,405,255,630,250,,,
她,,805,505,355,405,255,630,250,,,
塔,,,,,,,,,,,
台,臺,805,,,,,630,,,,
抬,,,,,,,,,,,
太,,805,505,355,405,255,630,250,,,
态,態,,,,,,,,,,
谈,談,805,505,,,,630,,,,
弹,彈,,,,,,,,,,
坦,壇,,,,,,,,,,
探,,,,,,,,,,,
汤,湯,,,,,,630,,,,
唐,,,,,,,,,,,
堂,,,,,,,630,,,,
糖,,,,,,,,,,,
躺,,,,,,,,,,,
逃,,,,,,,,,,,
讨,討,,,,,,,,,,
套,,,,,,,630,,,,
特,,805,505,,405,,630,,,,
疼,,805,,,,,,,,,
踢,,,,,,,630,,,,
提,,805,505,,,,630,,,,
题,題,805,505,355,405,255,630,,,,
体,體,805,505,355,405,,630,,,,
替,,805,,,,,,,,,
天,,805,505,355,405,255,630,250,,,
田,,,,,,,,,,,
甜,,,,,,,,,,,
填,,,,,,,630,,,,
挑,,,,,,,,,,,
"条 ",條,805,505,355,405,,630,,,,
跳,,,,,,,,,,,
贴,貼,,,,,,,,,,
铁,鐵,805,,,,,630,,70,,
厅,廳,,,,,,630,,,,
"听 ",聽,805,505,355,405,255,630,250,,,
庭,,805,,,,,630,,,,
停,,805,,,,,,,,,
挺,,,,,,,,,,,
通,,805,,,,,630,,,,
同,,805,505,355,405,255,630,250,,,
铜,銅,,,,,,,,,,
童,,,,,,,,,,,
统,統,805,505,,,,,,,,
痛,,,,,,,,,,,
偷,,,,,,,,,,,
头,頭,805,505,355,405,,630,,70,,
投,,,,,,,,,,,
透,,,,,,,,,,,
突,,805,505,,,,,,,,
图,圖,805,505,355,405,255,630,,,,
徒,,,,,,,,,,,
途,,,,,,,,,,,
土,,,,,,,,,,,
团,團,,,,,,,,,,
推,,805,,,,,,,,,
腿,,,,,,,,,,,
退,,,,,,,,,,,
托,,,,,,,,,,,
拖,,,,,,,,,,,
脱,,,,,,,,,,,
挖,,,,,,,,,,,
瓦,,,,,,,,,,,
外,,805,505,355,405,255,630,250,,,
湾,灣,,,,,,,,,,
完,,805,505,355,405,255,630,,,,
玩,,805,505,355,405,255,630,250,,,
晚,,805,505,355,405,255,630,250,,,
碗,,805,,,,,,,,,
万,萬,805,505,355,405,,630,,,,
亡,,,,,,,,,,,
王,,805,505,355,405,255,630,250,,,
网,網,805,505,,405,,630,,,,
往,,805,505,,405,,630,,,,
忘,,805,505,,405,,630,,,,
望,,805,505,,,,630,,,,
危,,,,,,,,,,,
威,,,,,,,,,,,
微,,,,,,,,,,,
为,為,805,505,355,405,255,630,250,,,
违,違,,,,,,,,,,
围,圍,,,,,,,,,,
唯,,,,,,,,,,,
维,維,,,,,,,,,,
伟,偉,,,,,,,,,,
伪,偽,,,,,,,,,,
尾,,,,,,,,,,,
委,,,,,,,,,,,
卫,衛,805,,,,,630,,,,
未,,,,,,,,,,,
位,,805,505,355,405,,630,,,,
味,,805,,,,,,,,,
谓,謂,,,,,,,,,,
喂,,,,,,,,,,,
温,,805,,,,,,,,,
文,,805,505,355,405,255,630,250,,,
闻,聞,805,,,,,,,,,
蚊,,,,,,,,,,,
稳,穩,,,,,,,,,,
问,問,805,505,355,405,255,630,250,,,
我,,805,505,355,405,255,630,250,,,
卧,,,,,,,630,,,,
握,,,,,,,,,,,
污,,,,,,,,,,,
屋,,805,,,,,,,,,
无,無,805,505,,,,630,,,,
五,,805,505,355,405,255,630,250,,,
午,,805,505,355,405,255,630,250,,,
伍,,,,,,,,,,,
武,,,,,,,,,,,
舞,,,,,,,,,,,
勿,,,,,,,630,,,,
务,務,,,,,,630,,,,
物,,805,505,355,405,,630,,70,,
"误 ",誤,,,,,,,,,,
西,,805,505,355,405,255,630,250,,,
吸,,,,,,,630,,,,
希,,805,505,,,,630,,,,
析,,,,,,,,,,,
息,,805,505,,405,,630,,70,,
习,,805,505,,405,,630,,70,,
席,,,,,,,,,,,
袭,襲,,,,,,,,,,
洗,,805,505,,,,630,,,,
喜,,805,505,355,405,255,630,250,,,
戏,戲,,,,,,630,,,,
系,,805,505,,405,,630,,70,,
细,細,805,,,,,,,,,
虾,蝦,,,,,,,,,,
"下 ",,805,505,355,405,255,630,250,,,
吓,嚇,805,,,,,,,,,
夏,,805,505,,,,630,,,,
仙,,,,,,,,,,,
先,,805,505,355,405,255,630,250,,,
鲜,鮮,805,,,,,,,,,
"闲 ",閑,,,,,,,,,,
咸,,,,,,,,,,,
显,顯,805,,,,,,,,,
险,險,,,,,,,,,,
县,縣,,,,,,,,,,
现,現,805,505,355,405,255,630,250,,,
限,,,,,,,,,,,
线,線,805,,,,,,,,,
宪,憲,,,,,,,,,,
陷,,,,,,,,,,,
献,,,,,,,,,,,
乡,響,805,,,,,,,,,
相,,805,505,,,,630,,,,
香,,805,,,,,,,,,
箱,,,,,,,,,,,
详,詳,,,,,,,,,,
享,,,,,,,,,,,
响,,805,,,,,,,,,
想,,805,505,355,405,255,630,250,,,
向,,805,505,355,405,,630,,,,
项,項,,,,,,,,,,
巷,,,,,,,,,,,
象,,805,,,,,,,,,
像,,805,505,,405,,630,,,,
消,,805,505,,,,630,,,,
销,銷,,,,,,,,,,
小,,805,505,355,405,255,630,250,,,
孝,,,,,,,,,,,
校,,805,505,355,405,,630,,,,
笑,,805,505,355,405,,630,,,,
效,,805,,,,,,,,,
些,,805,505,355,405,255,630,250,,,
协,協,,,,,,,,,,
鞋,,805,,,,,,,,,
写,寫,805,505,355,405,255,630,250,,,
械,,,,,,,,,,,
谢,謝,805,505,355,405,255,630,250,,,
心,,805,505,355,405,255,630,250,,,
辛,,,,,,,,,,,
欣,,,,,,,,,,,
新,,805,505,355,405,255,630,250,,,
信,,805,505,355,405,255,630,250,,,
兴,興,805,505,355,405,255,630,250,,,
星,,805,505,355,405,255,630,250,,,
行,,805,505,355,405,,630,,70,,
刑,,,,,,,,,,,
形,,805,,,,,,,,,
型,,,,,,,,,,,
醒,,805,,,,,,,,,
幸,,805,,,,,,,,,
性,,805,,,,,630,,,,
姓,,805,505,355,405,255,630,250,,,
兄,,,,,,,630,,,,
雄,,,,,,,,,,,
熊,,,,,,,,,,,
休,,805,505,,405,,630,,70,,
修,,805,,,,,,,,,
秀,,,,,,,,,,,
袖,,,,,,,,,,,
须,須,805,,,,,,,,,
需,,805,,,,,630,,,,
许,許,805,505,355,405,255,630,,,,
序,,,,,,,,,,,
续,續,805,,,,,630,,,,
宣,,,,,,,,,,,
旋,,,,,,,,,,,
选,選,805,,,,,630,,,,
削,,,,,,,,,,,
学,學,805,505,355,405,255,630,250,,,
雪,,805,,,,,630,,,,
血,,805,,,,,,,,,
旬,,,,,,,,,,,
寻,尋,,,,,,,,,,
询,詢,,,,,,,,,,
训,訓,,,,,,,,,,
讯,訊,,,,,,,,,,
迅,,,,,,,,,,,
压,壓,,,,,,,,,,
呀,,805,,,,,,,,,
鸭,鴨,,,,,,,,,,
牙,,,,,,,630,,,,
雅,,,,,,,,,,,
亚,亞,805,505,,,,630,,,,
烟,煙,,,,,,630,,,,
延,,,,,,,,,,,
严,嚴,,,,,,,,,,
言,,805,505,,,,630,,,,
炎,,,,,,,,,,,
沿,,,,,,,,,,,
研,,,,,,,,,,,
盐,鹽,,,,,,,,,,
颜,顏,805,,,,,,,,,
眼,,805,,,,,,,,,
演,,805,,,,,,,,,
宴,,,,,,,,,,,
验,驗,805,,,,,,,,,
"央 ",,,,,,,,,,,
羊,,805,505,355,405,,630,,70,,
扬,楊,,,,,,,,,,
阳,陽,805,505,,,,630,,,,
洋,,,,,,,,,,,
养,養,805,,,,,,,,,
样,,805,505,355,405,,630,250,,,
要,,805,505,355,405,,630,250,,,
邀,,,,,,,,,,,
谣,謠,,,,,,,,,,
药,藥,805,505,,405,,630,,,,
钥,鑰,,,,,,,,,,
爷,爺,805,,,,,,,,,
也,,805,505,355,405,255,630,250,,,
野,,,,,,,,,,,
业,業,805,505,,,,630,,,,
叶,葉,,,,,,,,,,
页,,,,,,,,,,,
夜,,805,505,,405,,630,,,,
液,,,,,,,,,,,
一,,805,505,355,405,255,630,250,,,
伊,,,,,,,,,,,
衣,,805,505,355,405,,630,,,,
医,醫,805,505,355,405,,630,,70,,
依,,,,,,,,,,,
仪,,,,,,,,,,,
宜,,,,,,,,,,,
移,,,,,,,,,,,
遗,遺,,,,,,,,,,
疑,,,,,,,,,,,
乙,,,,,,,,,,,
已,,805,505,355,405,,630,,,,
以,,805,505,355,405,255,630,250,,,
椅,,,,,,,,,,,
亿,億,,,,,,,,,,
义,義,805,,,,,,,,,
艺,藝,805,,,,,630,,,,
忆,憶,,,,,,,,,,
议,議,,,,,,,,,,
亦,,,,,,,,,,,
异,異,,,,,,,,,,
译,譯,,,,,,,,,,
易,,805,,,,,630,,,,
益,,,,,,,,,,,
谊,誼,,,,,,,,,,
意,,805,505,355,405,255,630,250,,,
因,,805,505,355,405,255,630,250,,,
阴,隱,805,,,,,,,,,
音,,805,505,,405,,630,,70,,
姻,,,,,,,,,,,
银,銀,,,,,,630,,,,
引,,,,,,,,,,,
饮,飲,,,,,,,,,,
印,,805,,,,,630,,,,
应,應,805,505,355,405,,630,,,,
英,,805,,,,,630,,70,,
迎,,,,,,,,,,,
营,營,,,,,,,,,,
赢,,,,,,,,,,,
影,,805,505,355,405,255,630,250,,,
映,,,,,,,,,,,
硬,,,,,,,630,,,,
拥,,,,,,,,,,,
泳,,,,,,,630,,,,
永,,,,,,,,,,,
勇,,,,,,,,,,,
用,,805,505,355,405,255,630,250,,,
优,優,,,,,,,,,,
忧,憂,,,,,,,,,,
尤,憂,,,,,,,,,,
由,,805,,,,,,,,,
邮,郵,,,,,,630,,,,
油,,805,,,,,630,,,,
"游 ",,,,,,,630,,,,
友,,805,505,355,405,255,630,250,,,
有,,805,505,355,405,255,630,250,,,
又,,805,505,355,405,255,630,,,,
右,,805,,,,,630,,70,505,你说吧
幼,,,,,,,,,,,
于,於,805,505,,,,,,,,
予,,,,,,,,,,,
余,,,,,,,,,,,
鱼,魚,805,505,,405,,630,,70,,
愉,,,,,,,630,,,,
与,與,805,,,,,,,,,
雨,,805,505,355,405,255,630,250,,,
语,語,805,505,355,405,255,630,250,,,
玉,,,,,,,,,,,
育,,805,,,,,,,,,
预,預,,,,,,,,,,
域,,,,,,,,,,,
遇,,805,,,,,,,,,
欲,,,,,,,,,,,
"寓 ",,,,,,,,,,,
愈,,,,,,,,,,,
元,,805,,,,,630,250,,,
园,園,805,505,355,405,,630,,70,,
员,員,805,,,,,630,,,,
原,,805,505,,,,630,,,,
圆,圓,,,,,,,,,,
援,,,,,,,,,,,
源,,,,,,,,,,,
远,遠,805,505,355,405,255,630,250,,,
怨,,,,,,,,,,,
院,,805,505,355,405,,630,,70,,
愿,,805,505,,,,630,,,,
约,,805,,,,,,,,,
月,,805,505,355,405,255,630,250,,,
越,,805,505,355,405,,,,,,
阅,閱,,,,,,,,,,
云,,,,,,,630,,70,,
允,,,,,,,,,,,
运,運,805,,,,,630,250,,,
扎,,,,,,,,,,,
杂,雜,805,,,,,,,,,
灾,災,,,,,,,,,,
载,載,,,,,,,,,,
在,,805,505,355,405,255,630,250,,,
再,,805,505,355,405,255,630,250,,,
咱,,805,505,,,,630,,,,
暂,暫,,,,,,,,,,
赞,贊,,,,,,,,,,
脏,臟,,,,,,,,,,
遭,,,,,,,,,,,
"早 ",,805,505,355,405,255,630,250,,,
澡,,,,,,,,,,,
造,,805,,,,,,,,,
则,則,,,,,,,,,,
责,責,,,,,,,,,,
择,擇,,,,,,,,,,
怎,,805,505,355,405,255,630,250,,,
增,,805,,,,,,,,,
炸,,,,,,,,,,,
展,,805,,,,,,,,,
占,,,,,,,,,,,
战,,,,,,,,,,,
站,,805,505,,405,,630,,,,
章,,805,,,,,,,,,
张,張,805,505,355,405,255,630,,,,
掌,,,,,,,,,,,
丈,,805,,,,,,,,,
帐,帳,,,,,,,,,,
障,,,,,,,,,,,
招,,805,,,,,,,,,
着,,805,505,355,405,,630,,,,
找,,805,505,355,405,,630,,70,,
召,,,,,,,,,,,
照,,805,505,,,,630,,,,
折,,,,,,,,,,,
哲,,,,,,,,,,,
者,,805,505,355,405,,630,,70,,
这,這,805,505,355,405,255,630,250,,,
针,針,,,,,,,,,,
真,,805,505,355,405,,630,,,,
诊,診,,,,,,,,,,
阵,陣,,,,,,,,,,
振,,,,,,,,,,,
震,,,,,,,,,,,
镇,鎮,,,,,,,,,,
争,,,,,,,,,,,
征,,,,,,,,,,,
整,,805,,,,,,,,,
正,,805,505,355,405,,630,,,,
证,證,805,,,,,630,,,,
症,癥,,,,,,,,,,
政,,805,,,,,,,,,
之,,805,505,,,,630,,,,
支,,805,,,,,,,,,
"只 ",,805,505,355,405,255,630,250,,,
汁,,,,,,,,,,,
枝,,,,,,,,,,,
知,,805,505,355,405,255,630,250,,,
织,織,,,,,,,,,,
执,執,,,,,,,,,,
直,,805,,,,,630,,,,
值,,805,,,,,,,,,
职,職,805,,,,,,,,,
植,,,,,,,,,,,
殖,,,,,,,,,,,
止,,,,,,,630,,,,
址,,,,,,,630,,70,,
纸,紙,805,505,,,,630,,,,
指,,805,,,,,,,,,
至,,805,,,,,630,,,,
志,,805,,,,,,,,,
制,,805,,,,,,,,,
质,質,,,,,,,,,,
治,,805,,,,,630,,,,
致,,,,,,,,,,,
智,,,,,,,,,,,
置,置,,,,,,,,,,
中,,805,505,355,405,255,630,250,,,
终,終,805,,,,,,,,,
忠,,,,,,,,,,,
钟,鐘,805,505,355,405,,630,,,,
种,種,805,505,355,405,,630,,,,
众,眾,805,,,,,,,,,
州,,805,,,,,,,,,
周,,805,,,,,630,,,,
洲,,805,505,,,,630,,,,
猪,,,,,,,,,,,
竹,,,,,,,,,,,
逐,,,,,,,,,,,
主,,805,505,355,405,,630,,,,
助,,805,505,,,,630,,,,
住,,805,505,355,405,255,630,250,,,
注,,805,,,,,630,,,,
驻,駐,,,,,,,,,,
祝,,805,505,,,,630,,70,,
著,,805,,,,,,,,,
筑,,,,,,,,,,,
抓,,,,,,,,,,,
专,專,805,,,,,630,,,,
转,轉,805,,,,,,,,,
庄,莊,,,,,,,,,,
装,,805,,,,,,,,,
壮,壯,,,,,,,,,,
状,狀,,,,,,,,,,
追,,,,,,,,,,,
准,,805,505,,,,630,,,805,你说吧
桌,,805,,,,,630,,,,
资,資,805,,,,,,,,,
子,,805,505,355,405,255,630,250,,,
仔,,805,,,,,,,,,
自,,805,505,355,405,,630,,70,,
字,,805,505,355,405,255,630,250,,,
宗,,,,,,,,,,,
综,綜,,,,,,,,,,
总,總,805,505,,,,630,,,,
走,,805,505,355,405,255,630,250,,,
奏,,,,,,,,,,,
租,,805,505,,,,630,,,,
足,,805,,,,,630,,70,,
族,,805,,,,,,,,,
阻,,,,,,,,,,,
组,組,805,,,,,,,,,
祖,,,,,,,,,,,
钻,鑽,,,,,,,,,,
嘴,,805,,,,,,,,,
最,,805,505,355,405,,630,,70,,
罪,,,,,,,,,,,
醉,,,,,,,,,,,
尊,,,,,,,,,,,
昨,,805,505,355,405,255,630,250,,,
左,,805,,,,,630,,70,505,你说吧
作,,805,505,355,405,255,630,250,,,
坐,,805,505,355,405,,630,250,,,
座,,,,,,,630,,,,
做,,805,505,355,405,255,630,,70,,
,,648025,255025,126735,167265,63750,394380,62500,4900,,
